{
  "Author": "Marulu, StreetRat",
  "Name": "XIVR - VR Mod",
  "InternalName": "xivr",
  "AssemblyVersion": "0.0.0.2",
  "Description": "Mod to allow vr.\nWARNING - SEIZURES If you are prone to epileptic seizures, DO NOT PLAY THIS MOD. Your desktop screen will flicker rapidly while VR is active. (The in-headset view won't flicker.)\n** Requires SteamVR **\nPlease click the globe icon for detailed instructions.\nChat/FAQ: flat2vr.com",
  "ApplicableVersion": "any",
  "RepoUrl": "https://github.com/ProjectMimer/xivr",
  "Tags": [
    "vr",
    "plugin"
  ],
  "DalamudApiLevel": 7,
  "LoadPriority": 0,
  "Punchline": "Mod to allow VR"
}
